{
	"credit": "Made with Blockbench",
	"textures": {
		"0": "./gold_axe",
		"particle": "./gold_axe"
	},
	"elements": [
		{
			"from": [0, 0, 8],
			"to": [16, 16, 8],
			"faces": {
				"north": {"uv": [0, 0, 16, 16], "texture": "#0"},
				"east": {"uv": [0, 0, 0, 16], "texture": "#missing"},
				"south": {"uv": [16, 0, 0, 16], "texture": "#0"},
				"west": {"uv": [0, 0, 0, 16], "texture": "#missing"},
				"up": {"uv": [0, 0, 16, 0], "texture": "#missing"},
				"down": {"uv": [0, 0, 16, 0], "texture": "#missing"}
			}
		}
	],
	"display": {
		"thirdperson_righthand": {
			"rotation": [-14, 89, -28],
			"translation": [0, 11, 1],
			"scale": [2, 2, 2]
		},
		"firstperson_righthand": {
			"rotation": [-14, 89, -28],
			"translation": [2.25, 5.5, -1.5]
		},
		"ground": {
			"translation": [0, 13, 0],
			"scale": [2, 2, 2]
		},
		"gui": {
			"rotation": [-180, 0, -180]
		},
		"fixed": {
			"translation": [0, 0, -0.5]
		}
	}
}